{"cameraMode":{"drawMode":0,"name":"Shaded","section":"Shading Mode"},"sceneLighting":false,"audioPlay":false,"sceneViewState":{"showFog":true,"showMaterialUpdate":true,"showSkybox":true,"showFlares":true,"showImageEffects":true,"showParticleSystems":true},"in2DMode":false,"pivot":{"x":3.624516487121582,"y":2.3110764026641847,"z":-5.42939567565918},"rotation":{"x":0.004531324375420809,"y":0.9951072335243225,"z":-0.08409462124109268,"w":0.052817560732364658},"size":9.082911491394043,"orthographic":false}