{"cameraMode":{"drawMode":0,"name":"Shaded","section":"Shading Mode"},"sceneLighting":false,"audioPlay":false,"sceneViewState":{"showFog":true,"showMaterialUpdate":true,"showSkybox":false,"showFlares":true,"showImageEffects":true,"showParticleSystems":true},"in2DMode":false,"pivot":{"x":-3.5817742347717287,"y":-2.3559844493865969,"z":24.403339385986329},"rotation":{"x":-0.05114760249853134,"y":0.07416678965091706,"z":-0.0038426213432103397,"w":-0.9959833025932312},"size":14.298084259033204,"orthographic":false}